"firstName","lastName","Address","Age","Salary"
"Steve","Den","Westway","35","9800"
"Will","Smith","abc","40","5000"
"Jon","Means","greg","39","4500"
"John","micheals","Greig der -IL","30","4000"
"Joe","Will","hanesdr","25","4000"
"Vishal","marta","Woodland","25","3500"
"Lin","Den","westroadTX","35","3500"
"Jay","Bone","Hollow Dayton-OH","33","3500"
"Deepu","Sharma","Samstreet","29","3100"
"Williams","Bore"," lexiston-IL","40","3000"
"Frank","Baxter","Kenwood","38","2800"
"Den","Means"," Marisburg-OH","35","2400"
"Austin","Greg"," Loveland-OH","50","2000"
